"","Taxa","Locality","Count","Rank","Unit","abndance","taxa"
"1",".Primate","P10.T",0,1,"T",0.0833333333333333,"Prim"
"2",".Cetacea","P10.T",0,2,"T",0.166666666666667,"Ceta"
"3",".Rhinocerotidae","P10.T",0,3,"T",0.25,"Rhin"
"4",".Hippopotamidae","P10.T",0,4,"T",0.333333333333333,"Hipp"
"5",".Giraffidae","P10.T",0,5,"T",0.416666666666667,"Gira"
"6",".Sirenia","P10.T",1,6,"T",0.5,"Sire"
"7",".Suidae","P10.T",1,7,"T",0.583333333333333,"Suid"
"8",".Proboscidea","P10.T",2,8,"T",0.666666666666667,"Prob"
"9",".Equidae","P10.T",2,9,"T",0.75,"Equi"
"10",".Bovidae","P10.T",3,10,"T",0.833333333333333,"Bovi"
"11",".Carnivors","P10.T",6,11,"T",0.916666666666667,"Carn"
"12",".Anthracotheriidae","P10.T",6,12,"T",1,"Anth"
"13",".Primate","P10.U1",0,1,"U1",0.0833333333333333,"Prim"
"14",".Cetacea","P10.U1",0,2,"U1",0.166666666666667,"Ceta"
"15",".Sirenia","P10.U1",0,3,"U1",0.25,"Sire"
"16",".Rhinocerotidae","P10.U1",0,4,"U1",0.333333333333333,"Rhin"
"17",".Hippopotamidae","P10.U1",0,5,"U1",0.416666666666667,"Hipp"
"18",".Giraffidae","P10.U1",0,6,"U1",0.5,"Gira"
"19",".Carnivors","P10.U1",2,7,"U1",0.583333333333333,"Carn"
"20",".Suidae","P10.U1",2,8,"U1",0.666666666666667,"Suid"
"21",".Proboscidea","P10.U1",4,9,"U1",0.75,"Prob"
"22",".Equidae","P10.U1",4,10,"U1",0.833333333333333,"Equi"
"23",".Anthracotheriidae","P10.U1",6,11,"U1",0.916666666666667,"Anth"
"24",".Bovidae","P10.U1",11,12,"U1",1,"Bovi"
"25",".Primate","P102.U1",0,1,"U1",0.0833333333333333,"Prim"
"26",".Cetacea","P102.U1",0,2,"U1",0.166666666666667,"Ceta"
"27",".Sirenia","P102.U1",0,3,"U1",0.25,"Sire"
"28",".Rhinocerotidae","P102.U1",0,4,"U1",0.333333333333333,"Rhin"
"29",".Giraffidae","P102.U1",0,5,"U1",0.416666666666667,"Gira"
"30",".Proboscidea","P102.U1",1,6,"U1",0.5,"Prob"
"31",".Equidae","P102.U1",1,7,"U1",0.583333333333333,"Equi"
"32",".Suidae","P102.U1",1,8,"U1",0.666666666666667,"Suid"
"33",".Carnivors","P102.U1",2,9,"U1",0.75,"Carn"
"34",".Anthracotheriidae","P102.U1",2,10,"U1",0.833333333333333,"Anth"
"35",".Bovidae","P102.U1",4,11,"U1",0.916666666666667,"Bovi"
"36",".Hippopotamidae","P102.U1",11,12,"U1",1,"Hipp"
"37",".Primate","P103.U1",0,1,"U1",0.0833333333333333,"Prim"
"38",".Cetacea","P103.U1",0,2,"U1",0.166666666666667,"Ceta"
"39",".Sirenia","P103.U1",0,3,"U1",0.25,"Sire"
"40",".Rhinocerotidae","P103.U1",0,4,"U1",0.333333333333333,"Rhin"
"41",".Proboscidea","P103.U1",1,5,"U1",0.416666666666667,"Prob"
"42",".Suidae","P103.U1",1,6,"U1",0.5,"Suid"
"43",".Hippopotamidae","P103.U1",1,7,"U1",0.583333333333333,"Hipp"
"44",".Giraffidae","P103.U1",1,8,"U1",0.666666666666667,"Gira"
"45",".Carnivors","P103.U1",3,9,"U1",0.75,"Carn"
"46",".Equidae","P103.U1",13,10,"U1",0.833333333333333,"Equi"
"47",".Anthracotheriidae","P103.U1",13,11,"U1",0.916666666666667,"Anth"
"48",".Bovidae","P103.U1",29,12,"U1",1,"Bovi"
"49",".Primate","P108.U1",0,1,"U1",0.0833333333333333,"Prim"
"50",".Cetacea","P108.U1",0,2,"U1",0.166666666666667,"Ceta"
"51",".Sirenia","P108.U1",0,3,"U1",0.25,"Sire"
"52",".Proboscidea","P108.U1",0,4,"U1",0.333333333333333,"Prob"
"53",".Rhinocerotidae","P108.U1",0,5,"U1",0.416666666666667,"Rhin"
"54",".Giraffidae","P108.U1",0,6,"U1",0.5,"Gira"
"55",".Equidae","P108.U1",2,7,"U1",0.583333333333333,"Equi"
"56",".Suidae","P108.U1",2,8,"U1",0.666666666666667,"Suid"
"57",".Carnivors","P108.U1",3,9,"U1",0.75,"Carn"
"58",".Anthracotheriidae","P108.U1",3,10,"U1",0.833333333333333,"Anth"
"59",".Hippopotamidae","P108.U1",4,11,"U1",0.916666666666667,"Hipp"
"60",".Bovidae","P108.U1",7,12,"U1",1,"Bovi"
"61",".Primate","P109.U2",0,1,"U2",0.0833333333333333,"Prim"
"62",".Cetacea","P109.U2",0,2,"U2",0.166666666666667,"Ceta"
"63",".Sirenia","P109.U2",0,3,"U2",0.25,"Sire"
"64",".Rhinocerotidae","P109.U2",0,4,"U2",0.333333333333333,"Rhin"
"65",".Giraffidae","P109.U2",1,5,"U2",0.416666666666667,"Gira"
"66",".Proboscidea","P109.U2",2,6,"U2",0.5,"Prob"
"67",".Suidae","P109.U2",2,7,"U2",0.583333333333333,"Suid"
"68",".Hippopotamidae","P109.U2",4,8,"U2",0.666666666666667,"Hipp"
"69",".Anthracotheriidae","P109.U2",5,9,"U2",0.75,"Anth"
"70",".Carnivors","P109.U2",6,10,"U2",0.833333333333333,"Carn"
"71",".Equidae","P109.U2",8,11,"U2",0.916666666666667,"Equi"
"72",".Bovidae","P109.U2",25,12,"U2",1,"Bovi"
"73",".Cetacea","P11.U1",0,1,"U1",0.0833333333333333,"Ceta"
"74",".Rhinocerotidae","P11.U1",0,2,"U1",0.166666666666667,"Rhin"
"75",".Primate","P11.U1",1,3,"U1",0.25,"Prim"
"76",".Sirenia","P11.U1",1,4,"U1",0.333333333333333,"Sire"
"77",".Hippopotamidae","P11.U1",1,5,"U1",0.416666666666667,"Hipp"
"78",".Giraffidae","P11.U1",5,6,"U1",0.5,"Gira"
"79",".Carnivors","P11.U1",6,7,"U1",0.583333333333333,"Carn"
"80",".Equidae","P11.U1",6,8,"U1",0.666666666666667,"Equi"
"81",".Suidae","P11.U1",6,9,"U1",0.75,"Suid"
"82",".Proboscidea","P11.U1",8,10,"U1",0.833333333333333,"Prob"
"83",".Anthracotheriidae","P11.U1",14,11,"U1",0.916666666666667,"Anth"
"84",".Bovidae","P11.U1",51,12,"U1",1,"Bovi"
"85",".Primate","P115.T",0,1,"T",0.0833333333333333,"Prim"
"86",".Cetacea","P115.T",0,2,"T",0.166666666666667,"Ceta"
"87",".Carnivors","P115.T",0,3,"T",0.25,"Carn"
"88",".Proboscidea","P115.T",0,4,"T",0.333333333333333,"Prob"
"89",".Equidae","P115.T",0,5,"T",0.416666666666667,"Equi"
"90",".Rhinocerotidae","P115.T",0,6,"T",0.5,"Rhin"
"91",".Suidae","P115.T",0,7,"T",0.583333333333333,"Suid"
"92",".Anthracotheriidae","P115.T",0,8,"T",0.666666666666667,"Anth"
"93",".Hippopotamidae","P115.T",0,9,"T",0.75,"Hipp"
"94",".Giraffidae","P115.T",0,10,"T",0.833333333333333,"Gira"
"95",".Bovidae","P115.T",0,11,"T",0.916666666666667,"Bovi"
"96",".Sirenia","P115.T",22,12,"T",1,"Sire"
"97",".Cetacea","P115.U1",0,1,"U1",0.0833333333333333,"Ceta"
"98",".Sirenia","P115.U1",0,2,"U1",0.166666666666667,"Sire"
"99",".Proboscidea","P115.U1",0,3,"U1",0.25,"Prob"
"100",".Rhinocerotidae","P115.U1",0,4,"U1",0.333333333333333,"Rhin"
"101",".Hippopotamidae","P115.U1",0,5,"U1",0.416666666666667,"Hipp"
"102",".Giraffidae","P115.U1",0,6,"U1",0.5,"Gira"
"103",".Primate","P115.U1",1,7,"U1",0.583333333333333,"Prim"
"104",".Suidae","P115.U1",1,8,"U1",0.666666666666667,"Suid"
"105",".Carnivors","P115.U1",2,9,"U1",0.75,"Carn"
"106",".Equidae","P115.U1",2,10,"U1",0.833333333333333,"Equi"
"107",".Anthracotheriidae","P115.U1",8,11,"U1",0.916666666666667,"Anth"
"108",".Bovidae","P115.U1",13,12,"U1",1,"Bovi"
"109",".Primate","P14.U1",0,1,"U1",0.0833333333333333,"Prim"
"110",".Cetacea","P14.U1",0,2,"U1",0.166666666666667,"Ceta"
"111",".Sirenia","P14.U1",0,3,"U1",0.25,"Sire"
"112",".Rhinocerotidae","P14.U1",0,4,"U1",0.333333333333333,"Rhin"
"113",".Suidae","P14.U1",0,5,"U1",0.416666666666667,"Suid"
"114",".Hippopotamidae","P14.U1",0,6,"U1",0.5,"Hipp"
"115",".Giraffidae","P14.U1",0,7,"U1",0.583333333333333,"Gira"
"116",".Proboscidea","P14.U1",1,8,"U1",0.666666666666667,"Prob"
"117",".Equidae","P14.U1",1,9,"U1",0.75,"Equi"
"118",".Carnivors","P14.U1",3,10,"U1",0.833333333333333,"Carn"
"119",".Anthracotheriidae","P14.U1",5,11,"U1",0.916666666666667,"Anth"
"120",".Bovidae","P14.U1",20,12,"U1",1,"Bovi"
"121",".Rhinocerotidae","P15.T",0,1,"T",0.0833333333333333,"Rhin"
"122",".Suidae","P15.T",0,2,"T",0.166666666666667,"Suid"
"123",".Hippopotamidae","P15.T",0,3,"T",0.25,"Hipp"
"124",".Primate","P15.T",1,4,"T",0.333333333333333,"Prim"
"125",".Cetacea","P15.T",1,5,"T",0.416666666666667,"Ceta"
"126",".Giraffidae","P15.T",1,6,"T",0.5,"Gira"
"127",".Equidae","P15.T",2,7,"T",0.583333333333333,"Equi"
"128",".Carnivors","P15.T",3,8,"T",0.666666666666667,"Carn"
"129",".Proboscidea","P15.T",4,9,"T",0.75,"Prob"
"130",".Bovidae","P15.T",5,10,"T",0.833333333333333,"Bovi"
"131",".Anthracotheriidae","P15.T",21,11,"T",0.916666666666667,"Anth"
"132",".Sirenia","P15.T",45,12,"T",1,"Sire"
"133",".Cetacea","P16.U1",0,1,"U1",0.0833333333333333,"Ceta"
"134",".Sirenia","P16.U1",0,2,"U1",0.166666666666667,"Sire"
"135",".Rhinocerotidae","P16.U1",0,3,"U1",0.25,"Rhin"
"136",".Giraffidae","P16.U1",2,4,"U1",0.333333333333333,"Gira"
"137",".Primate","P16.U1",4,5,"U1",0.416666666666667,"Prim"
"138",".Hippopotamidae","P16.U1",5,6,"U1",0.5,"Hipp"
"139",".Carnivors","P16.U1",12,7,"U1",0.583333333333333,"Carn"
"140",".Proboscidea","P16.U1",13,8,"U1",0.666666666666667,"Prob"
"141",".Suidae","P16.U1",26,9,"U1",0.75,"Suid"
"142",".Equidae","P16.U1",30,10,"U1",0.833333333333333,"Equi"
"143",".Anthracotheriidae","P16.U1",50,11,"U1",0.916666666666667,"Anth"
"144",".Bovidae","P16.U1",63,12,"U1",1,"Bovi"
"145",".Cetacea","P17.U1",0,1,"U1",0.0833333333333333,"Ceta"
"146",".Sirenia","P17.U1",0,2,"U1",0.166666666666667,"Sire"
"147",".Rhinocerotidae","P17.U1",0,3,"U1",0.25,"Rhin"
"148",".Primate","P17.U1",1,4,"U1",0.333333333333333,"Prim"
"149",".Suidae","P17.U1",1,5,"U1",0.416666666666667,"Suid"
"150",".Carnivors","P17.U1",2,6,"U1",0.5,"Carn"
"151",".Giraffidae","P17.U1",2,7,"U1",0.583333333333333,"Gira"
"152",".Proboscidea","P17.U1",3,8,"U1",0.666666666666667,"Prob"
"153",".Hippopotamidae","P17.U1",3,9,"U1",0.75,"Hipp"
"154",".Equidae","P17.U1",8,10,"U1",0.833333333333333,"Equi"
"155",".Anthracotheriidae","P17.U1",17,11,"U1",0.916666666666667,"Anth"
"156",".Bovidae","P17.U1",27,12,"U1",1,"Bovi"
"157",".Cetacea","P21.U1",0,1,"U1",0.0833333333333333,"Ceta"
"158",".Sirenia","P21.U1",0,2,"U1",0.166666666666667,"Sire"
"159",".Carnivors","P21.U1",0,3,"U1",0.25,"Carn"
"160",".Equidae","P21.U1",0,4,"U1",0.333333333333333,"Equi"
"161",".Rhinocerotidae","P21.U1",0,5,"U1",0.416666666666667,"Rhin"
"162",".Suidae","P21.U1",0,6,"U1",0.5,"Suid"
"163",".Hippopotamidae","P21.U1",0,7,"U1",0.583333333333333,"Hipp"
"164",".Giraffidae","P21.U1",0,8,"U1",0.666666666666667,"Gira"
"165",".Primate","P21.U1",1,9,"U1",0.75,"Prim"
"166",".Proboscidea","P21.U1",2,10,"U1",0.833333333333333,"Prob"
"167",".Anthracotheriidae","P21.U1",3,11,"U1",0.916666666666667,"Anth"
"168",".Bovidae","P21.U1",8,12,"U1",1,"Bovi"
"169",".Primate","P23.U1",0,1,"U1",0.0833333333333333,"Prim"
"170",".Cetacea","P23.U1",0,2,"U1",0.166666666666667,"Ceta"
"171",".Sirenia","P23.U1",0,3,"U1",0.25,"Sire"
"172",".Carnivors","P23.U1",0,4,"U1",0.333333333333333,"Carn"
"173",".Rhinocerotidae","P23.U1",0,5,"U1",0.416666666666667,"Rhin"
"174",".Suidae","P23.U1",0,6,"U1",0.5,"Suid"
"175",".Hippopotamidae","P23.U1",0,7,"U1",0.583333333333333,"Hipp"
"176",".Giraffidae","P23.U1",0,8,"U1",0.666666666666667,"Gira"
"177",".Equidae","P23.U1",1,9,"U1",0.75,"Equi"
"178",".Proboscidea","P23.U1",3,10,"U1",0.833333333333333,"Prob"
"179",".Bovidae","P23.U1",3,11,"U1",0.916666666666667,"Bovi"
"180",".Anthracotheriidae","P23.U1",5,12,"U1",1,"Anth"
"181",".Primate","P24.U1",0,1,"U1",0.0833333333333333,"Prim"
"182",".Cetacea","P24.U1",0,2,"U1",0.166666666666667,"Ceta"
"183",".Sirenia","P24.U1",0,3,"U1",0.25,"Sire"
"184",".Rhinocerotidae","P24.U1",0,4,"U1",0.333333333333333,"Rhin"
"185",".Giraffidae","P24.U1",0,5,"U1",0.416666666666667,"Gira"
"186",".Proboscidea","P24.U1",1,6,"U1",0.5,"Prob"
"187",".Carnivors","P24.U1",2,7,"U1",0.583333333333333,"Carn"
"188",".Suidae","P24.U1",2,8,"U1",0.666666666666667,"Suid"
"189",".Hippopotamidae","P24.U1",6,9,"U1",0.75,"Hipp"
"190",".Anthracotheriidae","P24.U1",9,10,"U1",0.833333333333333,"Anth"
"191",".Equidae","P24.U1",12,11,"U1",0.916666666666667,"Equi"
"192",".Bovidae","P24.U1",21,12,"U1",1,"Bovi"
"193",".Cetacea","P25.U1",0,1,"U1",0.0833333333333333,"Ceta"
"194",".Primate","P25.U1",1,2,"U1",0.166666666666667,"Prim"
"195",".Sirenia","P25.U1",1,3,"U1",0.25,"Sire"
"196",".Rhinocerotidae","P25.U1",1,4,"U1",0.333333333333333,"Rhin"
"197",".Proboscidea","P25.U1",3,5,"U1",0.416666666666667,"Prob"
"198",".Giraffidae","P25.U1",4,6,"U1",0.5,"Gira"
"199",".Carnivors","P25.U1",9,7,"U1",0.583333333333333,"Carn"
"200",".Hippopotamidae","P25.U1",9,8,"U1",0.666666666666667,"Hipp"
"201",".Suidae","P25.U1",10,9,"U1",0.75,"Suid"
"202",".Equidae","P25.U1",20,10,"U1",0.833333333333333,"Equi"
"203",".Anthracotheriidae","P25.U1",40,11,"U1",0.916666666666667,"Anth"
"204",".Bovidae","P25.U1",55,12,"U1",1,"Bovi"
"205",".Primate","P26.U1",0,1,"U1",0.0833333333333333,"Prim"
"206",".Cetacea","P26.U1",0,2,"U1",0.166666666666667,"Ceta"
"207",".Sirenia","P26.U1",0,3,"U1",0.25,"Sire"
"208",".Carnivors","P26.U1",0,4,"U1",0.333333333333333,"Carn"
"209",".Hippopotamidae","P26.U1",0,5,"U1",0.416666666666667,"Hipp"
"210",".Giraffidae","P26.U1",0,6,"U1",0.5,"Gira"
"211",".Rhinocerotidae","P26.U1",1,7,"U1",0.583333333333333,"Rhin"
"212",".Anthracotheriidae","P26.U1",1,8,"U1",0.666666666666667,"Anth"
"213",".Suidae","P26.U1",2,9,"U1",0.75,"Suid"
"214",".Proboscidea","P26.U1",3,10,"U1",0.833333333333333,"Prob"
"215",".Equidae","P26.U1",3,11,"U1",0.916666666666667,"Equi"
"216",".Bovidae","P26.U1",4,12,"U1",1,"Bovi"
"217",".Cetacea","P28.U1",1,1,"U1",0.0833333333333333,"Ceta"
"218",".Primate","P28.U1",2,2,"U1",0.166666666666667,"Prim"
"219",".Sirenia","P28.U1",2,3,"U1",0.25,"Sire"
"220",".Rhinocerotidae","P28.U1",5,4,"U1",0.333333333333333,"Rhin"
"221",".Giraffidae","P28.U1",6,5,"U1",0.416666666666667,"Gira"
"222",".Proboscidea","P28.U1",7,6,"U1",0.5,"Prob"
"223",".Hippopotamidae","P28.U1",11,7,"U1",0.583333333333333,"Hipp"
"224",".Carnivors","P28.U1",18,8,"U1",0.666666666666667,"Carn"
"225",".Equidae","P28.U1",25,9,"U1",0.75,"Equi"
"226",".Suidae","P28.U1",31,10,"U1",0.833333333333333,"Suid"
"227",".Bovidae","P28.U1",114,11,"U1",0.916666666666667,"Bovi"
"228",".Anthracotheriidae","P28.U1",138,12,"U1",1,"Anth"
"229",".Primate","P29.U1",0,1,"U1",0.0833333333333333,"Prim"
"230",".Cetacea","P29.U1",0,2,"U1",0.166666666666667,"Ceta"
"231",".Sirenia","P29.U1",0,3,"U1",0.25,"Sire"
"232",".Hippopotamidae","P29.U1",0,4,"U1",0.333333333333333,"Hipp"
"233",".Rhinocerotidae","P29.U1",1,5,"U1",0.416666666666667,"Rhin"
"234",".Carnivors","P29.U1",2,6,"U1",0.5,"Carn"
"235",".Proboscidea","P29.U1",2,7,"U1",0.583333333333333,"Prob"
"236",".Anthracotheriidae","P29.U1",2,8,"U1",0.666666666666667,"Anth"
"237",".Giraffidae","P29.U1",2,9,"U1",0.75,"Gira"
"238",".Equidae","P29.U1",3,10,"U1",0.833333333333333,"Equi"
"239",".Suidae","P29.U1",5,11,"U1",0.916666666666667,"Suid"
"240",".Bovidae","P29.U1",15,12,"U1",1,"Bovi"
"241",".Cetacea","P30.U1",0,1,"U1",0.0833333333333333,"Ceta"
"242",".Rhinocerotidae","P30.U1",0,2,"U1",0.166666666666667,"Rhin"
"243",".Hippopotamidae","P30.U1",0,3,"U1",0.25,"Hipp"
"244",".Giraffidae","P30.U1",0,4,"U1",0.333333333333333,"Gira"
"245",".Primate","P30.U1",1,5,"U1",0.416666666666667,"Prim"
"246",".Sirenia","P30.U1",1,6,"U1",0.5,"Sire"
"247",".Equidae","P30.U1",1,7,"U1",0.583333333333333,"Equi"
"248",".Suidae","P30.U1",1,8,"U1",0.666666666666667,"Suid"
"249",".Carnivors","P30.U1",2,9,"U1",0.75,"Carn"
"250",".Proboscidea","P30.U1",3,10,"U1",0.833333333333333,"Prob"
"251",".Anthracotheriidae","P30.U1",4,11,"U1",0.916666666666667,"Anth"
"252",".Bovidae","P30.U1",15,12,"U1",1,"Bovi"
"253",".Primate","P31.U1",0,1,"U1",0.0833333333333333,"Prim"
"254",".Cetacea","P31.U1",0,2,"U1",0.166666666666667,"Ceta"
"255",".Sirenia","P31.U1",0,3,"U1",0.25,"Sire"
"256",".Proboscidea","P31.U1",0,4,"U1",0.333333333333333,"Prob"
"257",".Rhinocerotidae","P31.U1",0,5,"U1",0.416666666666667,"Rhin"
"258",".Suidae","P31.U1",0,6,"U1",0.5,"Suid"
"259",".Hippopotamidae","P31.U1",0,7,"U1",0.583333333333333,"Hipp"
"260",".Giraffidae","P31.U1",0,8,"U1",0.666666666666667,"Gira"
"261",".Carnivors","P31.U1",1,9,"U1",0.75,"Carn"
"262",".Equidae","P31.U1",2,10,"U1",0.833333333333333,"Equi"
"263",".Anthracotheriidae","P31.U1",2,11,"U1",0.916666666666667,"Anth"
"264",".Bovidae","P31.U1",11,12,"U1",1,"Bovi"
"265",".Primate","P32.U1",0,1,"U1",0.0833333333333333,"Prim"
"266",".Sirenia","P32.U1",0,2,"U1",0.166666666666667,"Sire"
"267",".Equidae","P32.U1",0,3,"U1",0.25,"Equi"
"268",".Cetacea","P32.U1",1,4,"U1",0.333333333333333,"Ceta"
"269",".Carnivors","P32.U1",1,5,"U1",0.416666666666667,"Carn"
"270",".Proboscidea","P32.U1",1,6,"U1",0.5,"Prob"
"271",".Rhinocerotidae","P32.U1",1,7,"U1",0.583333333333333,"Rhin"
"272",".Suidae","P32.U1",1,8,"U1",0.666666666666667,"Suid"
"273",".Anthracotheriidae","P32.U1",7,9,"U1",0.75,"Anth"
"274",".Hippopotamidae","P32.U1",12,10,"U1",0.833333333333333,"Hipp"
"275",".Bovidae","P32.U1",12,11,"U1",0.916666666666667,"Bovi"
"276",".Giraffidae","P32.U1",63,12,"U1",1,"Gira"
"277",".Cetacea","P33.U1",0,1,"U1",0.0833333333333333,"Ceta"
"278",".Sirenia","P33.U1",0,2,"U1",0.166666666666667,"Sire"
"279",".Carnivors","P33.U1",1,3,"U1",0.25,"Carn"
"280",".Primate","P33.U1",2,4,"U1",0.333333333333333,"Prim"
"281",".Rhinocerotidae","P33.U1",2,5,"U1",0.416666666666667,"Rhin"
"282",".Hippopotamidae","P33.U1",4,6,"U1",0.5,"Hipp"
"283",".Giraffidae","P33.U1",4,7,"U1",0.583333333333333,"Gira"
"284",".Suidae","P33.U1",6,8,"U1",0.666666666666667,"Suid"
"285",".Proboscidea","P33.U1",9,9,"U1",0.75,"Prob"
"286",".Equidae","P33.U1",9,10,"U1",0.833333333333333,"Equi"
"287",".Anthracotheriidae","P33.U1",15,11,"U1",0.916666666666667,"Anth"
"288",".Bovidae","P33.U1",28,12,"U1",1,"Bovi"
"289",".Primate","P33.U2",0,1,"U2",0.0833333333333333,"Prim"
"290",".Cetacea","P33.U2",0,2,"U2",0.166666666666667,"Ceta"
"291",".Sirenia","P33.U2",0,3,"U2",0.25,"Sire"
"292",".Rhinocerotidae","P33.U2",0,4,"U2",0.333333333333333,"Rhin"
"293",".Suidae","P33.U2",0,5,"U2",0.416666666666667,"Suid"
"294",".Hippopotamidae","P33.U2",0,6,"U2",0.5,"Hipp"
"295",".Giraffidae","P33.U2",1,7,"U2",0.583333333333333,"Gira"
"296",".Bovidae","P33.U2",1,8,"U2",0.666666666666667,"Bovi"
"297",".Proboscidea","P33.U2",2,9,"U2",0.75,"Prob"
"298",".Equidae","P33.U2",2,10,"U2",0.833333333333333,"Equi"
"299",".Anthracotheriidae","P33.U2",2,11,"U2",0.916666666666667,"Anth"
"300",".Carnivors","P33.U2",3,12,"U2",1,"Carn"
"301",".Cetacea","P34.U1",1,1,"U1",0.0833333333333333,"Ceta"
"302",".Primate","P34.U1",2,2,"U1",0.166666666666667,"Prim"
"303",".Rhinocerotidae","P34.U1",2,3,"U1",0.25,"Rhin"
"304",".Giraffidae","P34.U1",11,4,"U1",0.333333333333333,"Gira"
"305",".Suidae","P34.U1",15,5,"U1",0.416666666666667,"Suid"
"306",".Hippopotamidae","P34.U1",20,6,"U1",0.5,"Hipp"
"307",".Equidae","P34.U1",26,7,"U1",0.583333333333333,"Equi"
"308",".Proboscidea","P34.U1",27,8,"U1",0.666666666666667,"Prob"
"309",".Carnivors","P34.U1",28,9,"U1",0.75,"Carn"
"310",".Sirenia","P34.U1",54,10,"U1",0.833333333333333,"Sire"
"311",".Anthracotheriidae","P34.U1",65,11,"U1",0.916666666666667,"Anth"
"312",".Bovidae","P34.U1",156,12,"U1",1,"Bovi"
"313",".Primate","P36.U1",0,1,"U1",0.0833333333333333,"Prim"
"314",".Cetacea","P36.U1",0,2,"U1",0.166666666666667,"Ceta"
"315",".Rhinocerotidae","P36.U1",0,3,"U1",0.25,"Rhin"
"316",".Giraffidae","P36.U1",0,4,"U1",0.333333333333333,"Gira"
"317",".Sirenia","P36.U1",1,5,"U1",0.416666666666667,"Sire"
"318",".Proboscidea","P36.U1",2,6,"U1",0.5,"Prob"
"319",".Hippopotamidae","P36.U1",2,7,"U1",0.583333333333333,"Hipp"
"320",".Equidae","P36.U1",3,8,"U1",0.666666666666667,"Equi"
"321",".Suidae","P36.U1",3,9,"U1",0.75,"Suid"
"322",".Carnivors","P36.U1",4,10,"U1",0.833333333333333,"Carn"
"323",".Anthracotheriidae","P36.U1",9,11,"U1",0.916666666666667,"Anth"
"324",".Bovidae","P36.U1",37,12,"U1",1,"Bovi"
"325",".Primate","P38.U1",0,1,"U1",0.0833333333333333,"Prim"
"326",".Cetacea","P38.U1",0,2,"U1",0.166666666666667,"Ceta"
"327",".Sirenia","P38.U1",0,3,"U1",0.25,"Sire"
"328",".Proboscidea","P38.U1",0,4,"U1",0.333333333333333,"Prob"
"329",".Suidae","P38.U1",0,5,"U1",0.416666666666667,"Suid"
"330",".Carnivors","P38.U1",1,6,"U1",0.5,"Carn"
"331",".Equidae","P38.U1",1,7,"U1",0.583333333333333,"Equi"
"332",".Rhinocerotidae","P38.U1",1,8,"U1",0.666666666666667,"Rhin"
"333",".Giraffidae","P38.U1",1,9,"U1",0.75,"Gira"
"334",".Anthracotheriidae","P38.U1",2,10,"U1",0.833333333333333,"Anth"
"335",".Hippopotamidae","P38.U1",3,11,"U1",0.916666666666667,"Hipp"
"336",".Bovidae","P38.U1",11,12,"U1",1,"Bovi"
"337",".Rhinocerotidae","P4.U2",0,1,"U2",0.0833333333333333,"Rhin"
"338",".Giraffidae","P4.U2",0,2,"U2",0.166666666666667,"Gira"
"339",".Proboscidea","P4.U2",1,3,"U2",0.25,"Prob"
"340",".Hippopotamidae","P4.U2",1,4,"U2",0.333333333333333,"Hipp"
"341",".Equidae","P4.U2",2,5,"U2",0.416666666666667,"Equi"
"342",".Bovidae","P4.U2",2,6,"U2",0.5,"Bovi"
"343",".Primate","P4.U2",3,7,"U2",0.583333333333333,"Prim"
"344",".Sirenia","P4.U2",3,8,"U2",0.666666666666667,"Sire"
"345",".Carnivors","P4.U2",5,9,"U2",0.75,"Carn"
"346",".Anthracotheriidae","P4.U2",5,10,"U2",0.833333333333333,"Anth"
"347",".Cetacea","P4.U2",9,11,"U2",0.916666666666667,"Ceta"
"348",".Suidae","P4.U2",29,12,"U2",1,"Suid"
"349",".Primate","P47.U1",0,1,"U1",0.0833333333333333,"Prim"
"350",".Cetacea","P47.U1",0,2,"U1",0.166666666666667,"Ceta"
"351",".Sirenia","P47.U1",0,3,"U1",0.25,"Sire"
"352",".Proboscidea","P47.U1",0,4,"U1",0.333333333333333,"Prob"
"353",".Equidae","P47.U1",0,5,"U1",0.416666666666667,"Equi"
"354",".Rhinocerotidae","P47.U1",0,6,"U1",0.5,"Rhin"
"355",".Hippopotamidae","P47.U1",0,7,"U1",0.583333333333333,"Hipp"
"356",".Giraffidae","P47.U1",0,8,"U1",0.666666666666667,"Gira"
"357",".Carnivors","P47.U1",1,9,"U1",0.75,"Carn"
"358",".Suidae","P47.U1",3,10,"U1",0.833333333333333,"Suid"
"359",".Anthracotheriidae","P47.U1",3,11,"U1",0.916666666666667,"Anth"
"360",".Bovidae","P47.U1",7,12,"U1",1,"Bovi"
"361",".Primate","P48.U1",0,1,"U1",0.0833333333333333,"Prim"
"362",".Cetacea","P48.U1",0,2,"U1",0.166666666666667,"Ceta"
"363",".Sirenia","P48.U1",0,3,"U1",0.25,"Sire"
"364",".Proboscidea","P48.U1",0,4,"U1",0.333333333333333,"Prob"
"365",".Equidae","P48.U1",0,5,"U1",0.416666666666667,"Equi"
"366",".Rhinocerotidae","P48.U1",0,6,"U1",0.5,"Rhin"
"367",".Giraffidae","P48.U1",0,7,"U1",0.583333333333333,"Gira"
"368",".Carnivors","P48.U1",1,8,"U1",0.666666666666667,"Carn"
"369",".Suidae","P48.U1",1,9,"U1",0.75,"Suid"
"370",".Hippopotamidae","P48.U1",1,10,"U1",0.833333333333333,"Hipp"
"371",".Anthracotheriidae","P48.U1",3,11,"U1",0.916666666666667,"Anth"
"372",".Bovidae","P48.U1",5,12,"U1",1,"Bovi"
"373",".Cetacea","P49.U1",0,1,"U1",0.0833333333333333,"Ceta"
"374",".Sirenia","P49.U1",0,2,"U1",0.166666666666667,"Sire"
"375",".Proboscidea","P49.U1",0,3,"U1",0.25,"Prob"
"376",".Rhinocerotidae","P49.U1",0,4,"U1",0.333333333333333,"Rhin"
"377",".Suidae","P49.U1",0,5,"U1",0.416666666666667,"Suid"
"378",".Hippopotamidae","P49.U1",0,6,"U1",0.5,"Hipp"
"379",".Giraffidae","P49.U1",0,7,"U1",0.583333333333333,"Gira"
"380",".Primate","P49.U1",1,8,"U1",0.666666666666667,"Prim"
"381",".Equidae","P49.U1",1,9,"U1",0.75,"Equi"
"382",".Carnivors","P49.U1",3,10,"U1",0.833333333333333,"Carn"
"383",".Anthracotheriidae","P49.U1",8,11,"U1",0.916666666666667,"Anth"
"384",".Bovidae","P49.U1",24,12,"U1",1,"Bovi"
"385",".Cetacea","P5.U1",0,1,"U1",0.0833333333333333,"Ceta"
"386",".Suidae","P5.U1",0,2,"U1",0.166666666666667,"Suid"
"387",".Hippopotamidae","P5.U1",0,3,"U1",0.25,"Hipp"
"388",".Giraffidae","P5.U1",0,4,"U1",0.333333333333333,"Gira"
"389",".Primate","P5.U1",1,5,"U1",0.416666666666667,"Prim"
"390",".Equidae","P5.U1",1,6,"U1",0.5,"Equi"
"391",".Rhinocerotidae","P5.U1",1,7,"U1",0.583333333333333,"Rhin"
"392",".Anthracotheriidae","P5.U1",1,8,"U1",0.666666666666667,"Anth"
"393",".Sirenia","P5.U1",2,9,"U1",0.75,"Sire"
"394",".Carnivors","P5.U1",3,10,"U1",0.833333333333333,"Carn"
"395",".Proboscidea","P5.U1",5,11,"U1",0.916666666666667,"Prob"
"396",".Bovidae","P5.U1",23,12,"U1",1,"Bovi"
"397",".Cetacea","P60.U1",0,1,"U1",0.0833333333333333,"Ceta"
"398",".Sirenia","P60.U1",0,2,"U1",0.166666666666667,"Sire"
"399",".Rhinocerotidae","P60.U1",0,3,"U1",0.25,"Rhin"
"400",".Giraffidae","P60.U1",0,4,"U1",0.333333333333333,"Gira"
"401",".Primate","P60.U1",1,5,"U1",0.416666666666667,"Prim"
"402",".Proboscidea","P60.U1",1,6,"U1",0.5,"Prob"
"403",".Equidae","P60.U1",3,7,"U1",0.583333333333333,"Equi"
"404",".Hippopotamidae","P60.U1",3,8,"U1",0.666666666666667,"Hipp"
"405",".Carnivors","P60.U1",5,9,"U1",0.75,"Carn"
"406",".Suidae","P60.U1",6,10,"U1",0.833333333333333,"Suid"
"407",".Anthracotheriidae","P60.U1",13,11,"U1",0.916666666666667,"Anth"
"408",".Bovidae","P60.U1",32,12,"U1",1,"Bovi"
"409",".Cetacea","P61.U1",0,1,"U1",0.0833333333333333,"Ceta"
"410",".Sirenia","P61.U1",0,2,"U1",0.166666666666667,"Sire"
"411",".Proboscidea","P61.U1",0,3,"U1",0.25,"Prob"
"412",".Giraffidae","P61.U1",0,4,"U1",0.333333333333333,"Gira"
"413",".Rhinocerotidae","P61.U1",1,5,"U1",0.416666666666667,"Rhin"
"414",".Hippopotamidae","P61.U1",2,6,"U1",0.5,"Hipp"
"415",".Primate","P61.U1",3,7,"U1",0.583333333333333,"Prim"
"416",".Carnivors","P61.U1",4,8,"U1",0.666666666666667,"Carn"
"417",".Suidae","P61.U1",4,9,"U1",0.75,"Suid"
"418",".Equidae","P61.U1",6,10,"U1",0.833333333333333,"Equi"
"419",".Anthracotheriidae","P61.U1",12,11,"U1",0.916666666666667,"Anth"
"420",".Bovidae","P61.U1",22,12,"U1",1,"Bovi"
"421",".Primate","P62.U1",0,1,"U1",0.0833333333333333,"Prim"
"422",".Cetacea","P62.U1",0,2,"U1",0.166666666666667,"Ceta"
"423",".Sirenia","P62.U1",0,3,"U1",0.25,"Sire"
"424",".Rhinocerotidae","P62.U1",0,4,"U1",0.333333333333333,"Rhin"
"425",".Suidae","P62.U1",0,5,"U1",0.416666666666667,"Suid"
"426",".Anthracotheriidae","P62.U1",0,6,"U1",0.5,"Anth"
"427",".Giraffidae","P62.U1",1,7,"U1",0.583333333333333,"Gira"
"428",".Proboscidea","P62.U1",2,8,"U1",0.666666666666667,"Prob"
"429",".Equidae","P62.U1",2,9,"U1",0.75,"Equi"
"430",".Carnivors","P62.U1",3,10,"U1",0.833333333333333,"Carn"
"431",".Hippopotamidae","P62.U1",4,11,"U1",0.916666666666667,"Hipp"
"432",".Bovidae","P62.U1",15,12,"U1",1,"Bovi"
"433",".Primate","P63.U1",0,1,"U1",0.0833333333333333,"Prim"
"434",".Cetacea","P63.U1",0,2,"U1",0.166666666666667,"Ceta"
"435",".Sirenia","P63.U1",0,3,"U1",0.25,"Sire"
"436",".Equidae","P63.U1",0,4,"U1",0.333333333333333,"Equi"
"437",".Rhinocerotidae","P63.U1",0,5,"U1",0.416666666666667,"Rhin"
"438",".Hippopotamidae","P63.U1",0,6,"U1",0.5,"Hipp"
"439",".Giraffidae","P63.U1",0,7,"U1",0.583333333333333,"Gira"
"440",".Carnivors","P63.U1",1,8,"U1",0.666666666666667,"Carn"
"441",".Proboscidea","P63.U1",1,9,"U1",0.75,"Prob"
"442",".Suidae","P63.U1",1,10,"U1",0.833333333333333,"Suid"
"443",".Anthracotheriidae","P63.U1",3,11,"U1",0.916666666666667,"Anth"
"444",".Bovidae","P63.U1",29,12,"U1",1,"Bovi"
"445",".Cetacea","P65.U1",0,1,"U1",0.0833333333333333,"Ceta"
"446",".Sirenia","P65.U1",0,2,"U1",0.166666666666667,"Sire"
"447",".Rhinocerotidae","P65.U1",0,3,"U1",0.25,"Rhin"
"448",".Suidae","P65.U1",0,4,"U1",0.333333333333333,"Suid"
"449",".Hippopotamidae","P65.U1",0,5,"U1",0.416666666666667,"Hipp"
"450",".Primate","P65.U1",1,6,"U1",0.5,"Prim"
"451",".Proboscidea","P65.U1",2,7,"U1",0.583333333333333,"Prob"
"452",".Giraffidae","P65.U1",2,8,"U1",0.666666666666667,"Gira"
"453",".Carnivors","P65.U1",3,9,"U1",0.75,"Carn"
"454",".Equidae","P65.U1",5,10,"U1",0.833333333333333,"Equi"
"455",".Anthracotheriidae","P65.U1",14,11,"U1",0.916666666666667,"Anth"
"456",".Bovidae","P65.U1",70,12,"U1",1,"Bovi"
"457",".Primate","P66.T",0,1,"T",0.0833333333333333,"Prim"
"458",".Carnivors","P66.T",0,2,"T",0.166666666666667,"Carn"
"459",".Rhinocerotidae","P66.T",0,3,"T",0.25,"Rhin"
"460",".Suidae","P66.T",0,4,"T",0.333333333333333,"Suid"
"461",".Anthracotheriidae","P66.T",0,5,"T",0.416666666666667,"Anth"
"462",".Hippopotamidae","P66.T",0,6,"T",0.5,"Hipp"
"463",".Proboscidea","P66.T",1,7,"T",0.583333333333333,"Prob"
"464",".Equidae","P66.T",1,8,"T",0.666666666666667,"Equi"
"465",".Giraffidae","P66.T",2,9,"T",0.75,"Gira"
"466",".Bovidae","P66.T",2,10,"T",0.833333333333333,"Bovi"
"467",".Cetacea","P66.T",4,11,"T",0.916666666666667,"Ceta"
"468",".Sirenia","P66.T",29,12,"T",1,"Sire"
"469",".Cetacea","P81.V",0,1,"V",0.0833333333333333,"Ceta"
"470",".Sirenia","P81.V",0,2,"V",0.166666666666667,"Sire"
"471",".Carnivors","P81.V",0,3,"V",0.25,"Carn"
"472",".Proboscidea","P81.V",0,4,"V",0.333333333333333,"Prob"
"473",".Equidae","P81.V",0,5,"V",0.416666666666667,"Equi"
"474",".Rhinocerotidae","P81.V",0,6,"V",0.5,"Rhin"
"475",".Primate","P81.V",1,7,"V",0.583333333333333,"Prim"
"476",".Giraffidae","P81.V",1,8,"V",0.666666666666667,"Gira"
"477",".Suidae","P81.V",4,9,"V",0.75,"Suid"
"478",".Anthracotheriidae","P81.V",11,10,"V",0.833333333333333,"Anth"
"479",".Bovidae","P81.V",13,11,"V",0.916666666666667,"Bovi"
"480",".Hippopotamidae","P81.V",36,12,"V",1,"Hipp"
"481",".Primate","P85.U1",0,1,"U1",0.0833333333333333,"Prim"
"482",".Cetacea","P85.U1",0,2,"U1",0.166666666666667,"Ceta"
"483",".Sirenia","P85.U1",0,3,"U1",0.25,"Sire"
"484",".Rhinocerotidae","P85.U1",0,4,"U1",0.333333333333333,"Rhin"
"485",".Giraffidae","P85.U1",0,5,"U1",0.416666666666667,"Gira"
"486",".Proboscidea","P85.U1",1,6,"U1",0.5,"Prob"
"487",".Suidae","P85.U1",1,7,"U1",0.583333333333333,"Suid"
"488",".Hippopotamidae","P85.U1",1,8,"U1",0.666666666666667,"Hipp"
"489",".Carnivors","P85.U1",2,9,"U1",0.75,"Carn"
"490",".Equidae","P85.U1",3,10,"U1",0.833333333333333,"Equi"
"491",".Anthracotheriidae","P85.U1",3,11,"U1",0.916666666666667,"Anth"
"492",".Bovidae","P85.U1",15,12,"U1",1,"Bovi"
"493",".Primate","P86.U1",0,1,"U1",0.0833333333333333,"Prim"
"494",".Cetacea","P86.U1",0,2,"U1",0.166666666666667,"Ceta"
"495",".Sirenia","P86.U1",0,3,"U1",0.25,"Sire"
"496",".Proboscidea","P86.U1",0,4,"U1",0.333333333333333,"Prob"
"497",".Rhinocerotidae","P86.U1",0,5,"U1",0.416666666666667,"Rhin"
"498",".Hippopotamidae","P86.U1",0,6,"U1",0.5,"Hipp"
"499",".Giraffidae","P86.U1",0,7,"U1",0.583333333333333,"Gira"
"500",".Carnivors","P86.U1",1,8,"U1",0.666666666666667,"Carn"
"501",".Equidae","P86.U1",1,9,"U1",0.75,"Equi"
"502",".Suidae","P86.U1",1,10,"U1",0.833333333333333,"Suid"
"503",".Bovidae","P86.U1",4,11,"U1",0.916666666666667,"Bovi"
"504",".Anthracotheriidae","P86.U1",6,12,"U1",1,"Anth"
"505",".Cetacea","P87.U1",0,1,"U1",0.0833333333333333,"Ceta"
"506",".Sirenia","P87.U1",0,2,"U1",0.166666666666667,"Sire"
"507",".Rhinocerotidae","P87.U1",0,3,"U1",0.25,"Rhin"
"508",".Suidae","P87.U1",0,4,"U1",0.333333333333333,"Suid"
"509",".Anthracotheriidae","P87.U1",0,5,"U1",0.416666666666667,"Anth"
"510",".Hippopotamidae","P87.U1",0,6,"U1",0.5,"Hipp"
"511",".Giraffidae","P87.U1",0,7,"U1",0.583333333333333,"Gira"
"512",".Carnivors","P87.U1",1,8,"U1",0.666666666666667,"Carn"
"513",".Equidae","P87.U1",1,9,"U1",0.75,"Equi"
"514",".Primate","P87.U1",3,10,"U1",0.833333333333333,"Prim"
"515",".Bovidae","P87.U1",6,11,"U1",0.916666666666667,"Bovi"
"516",".Proboscidea","P87.U1",97,12,"U1",1,"Prob"
"517",".Cetacea","P90.V",0,1,"V",0.0833333333333333,"Ceta"
"518",".Sirenia","P90.V",0,2,"V",0.166666666666667,"Sire"
"519",".Proboscidea","P90.V",0,3,"V",0.25,"Prob"
"520",".Equidae","P90.V",0,4,"V",0.333333333333333,"Equi"
"521",".Rhinocerotidae","P90.V",0,5,"V",0.416666666666667,"Rhin"
"522",".Suidae","P90.V",0,6,"V",0.5,"Suid"
"523",".Hippopotamidae","P90.V",0,7,"V",0.583333333333333,"Hipp"
"524",".Giraffidae","P90.V",0,8,"V",0.666666666666667,"Gira"
"525",".Primate","P90.V",1,9,"V",0.75,"Prim"
"526",".Carnivors","P90.V",1,10,"V",0.833333333333333,"Carn"
"527",".Anthracotheriidae","P90.V",1,11,"V",0.916666666666667,"Anth"
"528",".Bovidae","P90.V",9,12,"V",1,"Bovi"
"529",".Cetacea","P99.U1",0,1,"U1",0.0833333333333333,"Ceta"
"530",".Sirenia","P99.U1",0,2,"U1",0.166666666666667,"Sire"
"531",".Rhinocerotidae","P99.U1",0,3,"U1",0.25,"Rhin"
"532",".Giraffidae","P99.U1",0,4,"U1",0.333333333333333,"Gira"
"533",".Primate","P99.U1",1,5,"U1",0.416666666666667,"Prim"
"534",".Proboscidea","P99.U1",3,6,"U1",0.5,"Prob"
"535",".Suidae","P99.U1",3,7,"U1",0.583333333333333,"Suid"
"536",".Carnivors","P99.U1",5,8,"U1",0.666666666666667,"Carn"
"537",".Hippopotamidae","P99.U1",7,9,"U1",0.75,"Hipp"
"538",".Equidae","P99.U1",13,10,"U1",0.833333333333333,"Equi"
"539",".Anthracotheriidae","P99.U1",28,11,"U1",0.916666666666667,"Anth"
"540",".Bovidae","P99.U1",39,12,"U1",1,"Bovi"
